用户编号,缴费金额（元）,times,type
1000000005,214.28571428571428,7,A
1000000084,184.14285714285714,7,A
1000000003,168.57142857142858,7,A
1000000007,158.0,7,A
1000000008,153.42857142857142,7,A
